John Doe,1,15.09.2000,male,johndoe@mail.ru,89123456789,1265000,IT
John Smith,2,10.07.1980,male,johnsmith@mail.ru,89234567488,1328500,Counting
Davy Johns,3,18.03.1979,male,davyjohns@mail.ru,89264837445,128770,Legal
John Wick,4,12.12.1946,male,johnwick@mail.ru,89473829943,124300,Legal
Natascha Romanoff,5,15.05.1976,female,romanoff@mail.ru,89453852999,35574,Legal
Jack Sparrow,6,23.09.1975,male,sparrow@mail.ru,89365583776,45328,IT
Carol Danvers,7,15.06.1967,female,1mail@mail.ru,89453852999,3453445,Counting
Jane Doe,8,18.03.1979,female,1mail@mail.ru,89453852999,23425,Legal
John Roe,9,18.03.1979,male,1mail@mail.ru,89453852999,23522,Counting
Richard Roe,10,15.05.1976,female,1mail@mail.ru,89123456789,235235,Legal
Jane Roe,11,15.05.1976,male,1mail@mail.ru,89453852999,23521,IT
Baby Doe,12,18.03.1979,female,1mail@mail.ru,89123456789,2364643,Legal
Janie Doe,13,15.05.1976,male,1mail@mail.ru,89453852999,436,IT
Johnny Doe,14,15.04.2000,female,1mail@mail.ru,89473829943,2355,Counting
Cali Doe,15,15.05.1976,male,1mail@mail.ru,89123456789,246,IT
Princess Doe,16,18.03.1979,male,1mail@mail.ru,89123456789,6642,IT
Mary Major,17,18.03.1979,female,1mail@mail.ru,89453852999,2463,IT
Jane Poe,18,15.06.1967,female,1mail@mail.ru,89453852999,3572,Counting
Robert Roe,19,18.03.1979,male,1mail@mail.ru,89453852999,1374,Legal
Mark Moe,20,15.06.1967,male,1mail@mail.ru,89453852999,4757,Counting
Larry Loe,21,18.03.1979,female,1mail@mail.ru,89453852999,47579,IT
Degage Ministries,22,15.06.1967,female,1mail@mail.ru,89453852999,583755,Counting
Mel Trotter,23,18.03.1979,male,1mail@mail.ru,89453852999,6884,Legal
Rick Snyder,24,15.06.1967,male,1mail@mail.ru,89453852999,676,Counting
Bill Schuette,25,18.03.1979,male,1mail@mail.ru,89453852999,486,Legal